bucketNameType,databaseName,tableName,opCmpnyCd,refreshMode,wmt.storage_uploader,wmt.storage_viewer,isDevBigLake,updateSoftDelete,resourceBucketType,bucket_name,bucket_given_name,olm_policy_applied,autoclass_enabled,labels,location,env,zone,soft_delete_period,bucket_created,error
hash,sa_supply_chain_dl_secure,bp_data,sa-mm,incremental load,svc-dl-sa-afaas-hs@wmt-intl-dl-sa-hs-prod.iam.gserviceaccount.com,svc-dl-sa-afaas-hs@wmt-intl-dl-sa-hs-prod.iam.gserviceaccount.com,false,dca logic,,c4efafb620253e78ccdf14b7d3f4067df049d4e16c52423967d87f812ca1fc,prod--sa_supply_chain_dl_secure--bp_data--sa-mm,,True,"{'environment': 'prod', 'op_cmpny_cd': 'sa-mm', 'databasename': 'sa_supply_chain_dl_secure', 'tablename': 'bp_data', 'data-classification': 'non-sensitive', 'zone': 'catalog', 'applicationname': 'c4efafb620253e78ccdf14b7d3f4067df049d4e16c52423967d87f812ca1fc', 'gbm_user': 'test_user'}",US,prod,catalog,7 days,yes,
hash,sa_supply_chain_dl_secure,dt_scdl_db,sa-mm,incremental load,svc-dl-sa-afaas-ns@wmt-intl-dl-sa-ns-prod.iam.gserviceaccount.com,svc-dl-sa-afaas-ns@wmt-intl-dl-sa-ns-prod.iam.gserviceaccount.com,false,dca logic,,325f2d33d27159319c9f7bb484540e7381e4f313ca5d550e7613b75c496ba5,prod--sa_supply_chain_dl_secure--dt_scdl_db--sa-mm,,True,"{'environment': 'prod', 'op_cmpny_cd': 'sa-mm', 'databasename': 'sa_supply_chain_dl_secure', 'tablename': 'dt_scdl_db', 'data-classification': 'non-sensitive', 'zone': 'catalog', 'applicationname': '325f2d33d27159319c9f7bb484540e7381e4f313ca5d550e7613b75c496ba5', 'gbm_user': 'test_user'}",US,prod,catalog,7 days,yes,
hash,sa_supply_chain_dl_secure,dlvr_hdr,sa-mm,incremental load,svc-dl-sa-afaas-ns@wmt-intl-dl-sa-ns-prod.iam.gserviceaccount.com,svc-dl-sa-afaas-ns@wmt-intl-dl-sa-ns-prod.iam.gserviceaccount.com,false,dca logic,,d5b0e0f086b27fa71182a7c89debd03fbce6966eaa748fe6e75b3e3f09aab5,prod--sa_supply_chain_dl_secure--dlvr_hdr--sa-mm,,True,"{'environment': 'prod', 'op_cmpny_cd': 'sa-mm', 'databasename': 'sa_supply_chain_dl_secure', 'tablename': 'dlvr_hdr', 'data-classification': 'non-sensitive', 'zone': 'catalog', 'applicationname': 'd5b0e0f086b27fa71182a7c89debd03fbce6966eaa748fe6e75b3e3f09aab5', 'gbm_user': 'test_user'}",US,prod,catalog,7 days,yes,
hash,sa_supply_chain_dl_secure,dlvr_order_hdr,sa-mm,incremental load,svc-dl-sa-afaas-ns@wmt-intl-dl-sa-ns-prod.iam.gserviceaccount.com,svc-dl-sa-afaas-ns@wmt-intl-dl-sa-ns-prod.iam.gserviceaccount.com,false,dca logic,,fbe5ce334b283c6a14ec13a7e9e5165dbe8bce82affd07b654da1f88612149,prod--sa_supply_chain_dl_secure--dlvr_order_hdr--sa-mm,,True,"{'environment': 'prod', 'op_cmpny_cd': 'sa-mm', 'databasename': 'sa_supply_chain_dl_secure', 'tablename': 'dlvr_order_hdr', 'data-classification': 'non-sensitive', 'zone': 'catalog', 'applicationname': 'fbe5ce334b283c6a14ec13a7e9e5165dbe8bce82affd07b654da1f88612149', 'gbm_user': 'test_user'}",US,prod,catalog,7 days,yes,
hash,sa_supply_chain_dl_secure,inbound_dlvr_item,sa-mm,incremental load,svc-dl-sa-afaas-ns@wmt-intl-dl-sa-ns-prod.iam.gserviceaccount.com,svc-dl-sa-afaas-ns@wmt-intl-dl-sa-ns-prod.iam.gserviceaccount.com,false,dca logic,,ac410d88a43cdacdbe66773967f6a0b65debc5870add89c53b46056ee3df4b,prod--sa_supply_chain_dl_secure--inbound_dlvr_item--sa-mm,,True,"{'environment': 'prod', 'op_cmpny_cd': 'sa-mm', 'databasename': 'sa_supply_chain_dl_secure', 'tablename': 'inbound_dlvr_item', 'data-classification': 'non-sensitive', 'zone': 'catalog', 'applicationname': 'ac410d88a43cdacdbe66773967f6a0b65debc5870add89c53b46056ee3df4b', 'gbm_user': 'test_user'}",US,prod,catalog,7 days,yes,
hash,sa_supply_chain_dl_secure,dlvr_order_item,sa-mm,incremental load,svc-dl-sa-afaas-ns@wmt-intl-dl-sa-ns-prod.iam.gserviceaccount.com,svc-dl-sa-afaas-ns@wmt-intl-dl-sa-ns-prod.iam.gserviceaccount.com,false,dca logic,,8b65b6a7dcb9aadde3908b7cc5159e10bee5e77c554582655ef599e4cb83e0,prod--sa_supply_chain_dl_secure--dlvr_order_item--sa-mm,,True,"{'environment': 'prod', 'op_cmpny_cd': 'sa-mm', 'databasename': 'sa_supply_chain_dl_secure', 'tablename': 'dlvr_order_item', 'data-classification': 'non-sensitive', 'zone': 'catalog', 'applicationname': '8b65b6a7dcb9aadde3908b7cc5159e10bee5e77c554582655ef599e4cb83e0', 'gbm_user': 'test_user'}",US,prod,catalog,7 days,yes,
hash,sa_supply_chain_dl_secure,ref_scdl_db,sa-mm,incremental load,svc-dl-sa-afaas-ns@wmt-intl-dl-sa-ns-prod.iam.gserviceaccount.com,svc-dl-sa-afaas-ns@wmt-intl-dl-sa-ns-prod.iam.gserviceaccount.com,false,dca logic,,89f6b8e1df674b4a10d97b8e800156d9f79aa94d8c7b5e01c24c906dee959e,prod--sa_supply_chain_dl_secure--ref_scdl_db--sa-mm,,True,"{'environment': 'prod', 'op_cmpny_cd': 'sa-mm', 'databasename': 'sa_supply_chain_dl_secure', 'tablename': 'ref_scdl_db', 'data-classification': 'non-sensitive', 'zone': 'catalog', 'applicationname': '89f6b8e1df674b4a10d97b8e800156d9f79aa94d8c7b5e01c24c906dee959e', 'gbm_user': 'test_user'}",US,prod,catalog,7 days,yes,
hash,sa_supply_chain_dl_secure,item_notif_rq,sa-mm,incremental load,svc-dl-sa-afaas-ns@wmt-intl-dl-sa-ns-prod.iam.gserviceaccount.com,svc-dl-sa-afaas-ns@wmt-intl-dl-sa-ns-prod.iam.gserviceaccount.com,false,dca logic,,3983f199dcdeeb2961485d344cf881f59fc41efbe0e016f8128c27ecf08c16,prod--sa_supply_chain_dl_secure--item_notif_rq--sa-mm,,True,"{'environment': 'prod', 'op_cmpny_cd': 'sa-mm', 'databasename': 'sa_supply_chain_dl_secure', 'tablename': 'item_notif_rq', 'data-classification': 'non-sensitive', 'zone': 'catalog', 'applicationname': '3983f199dcdeeb2961485d344cf881f59fc41efbe0e016f8128c27ecf08c16', 'gbm_user': 'test_user'}",US,prod,catalog,7 days,yes,
hash,sa_supply_chain_dl_secure,status_scdl_db,sa-mm,incremental load,svc-dl-sa-afaas-ns@wmt-intl-dl-sa-ns-prod.iam.gserviceaccount.com,svc-dl-sa-afaas-ns@wmt-intl-dl-sa-ns-prod.iam.gserviceaccount.com,false,dca logic,,4cb116244d7afb73ef91c92a35177137578e496414053486c7fe0b6b328bae,prod--sa_supply_chain_dl_secure--status_scdl_db--sa-mm,,True,"{'environment': 'prod', 'op_cmpny_cd': 'sa-mm', 'databasename': 'sa_supply_chain_dl_secure', 'tablename': 'status_scdl_db', 'data-classification': 'non-sensitive', 'zone': 'catalog', 'applicationname': '4cb116244d7afb73ef91c92a35177137578e496414053486c7fe0b6b328bae', 'gbm_user': 'test_user'}",US,prod,catalog,7 days,yes,
hash,sa_supply_chain_dl_secure,avlbl_qty,sa-mm,incremental load,svc-dl-sa-afaas-ns@wmt-intl-dl-sa-ns-prod.iam.gserviceaccount.com,svc-dl-sa-afaas-ns@wmt-intl-dl-sa-ns-prod.iam.gserviceaccount.com,false,dca logic,,33709e459c967c07980b8c9326ced9e4888f23a5eaeee2efb2812d2de34ec6,prod--sa_supply_chain_dl_secure--avlbl_qty--sa-mm,,True,"{'environment': 'prod', 'op_cmpny_cd': 'sa-mm', 'databasename': 'sa_supply_chain_dl_secure', 'tablename': 'avlbl_qty', 'data-classification': 'non-sensitive', 'zone': 'catalog', 'applicationname': '33709e459c967c07980b8c9326ced9e4888f23a5eaeee2efb2812d2de34ec6', 'gbm_user': 'test_user'}",US,prod,catalog,7 days,yes,
hash,sa_supply_chain_dl_secure,assgnmnt_bin_prod,sa-mm,incremental load,svc-dl-sa-afaas-ns@wmt-intl-dl-sa-ns-prod.iam.gserviceaccount.com,svc-dl-sa-afaas-ns@wmt-intl-dl-sa-ns-prod.iam.gserviceaccount.com,false,dca logic,,00a7514b7db633f4bf143b7b5e804fc65befcacba90aa179a05296f970f185,prod--sa_supply_chain_dl_secure--assgnmnt_bin_prod--sa-mm,,True,"{'environment': 'prod', 'op_cmpny_cd': 'sa-mm', 'databasename': 'sa_supply_chain_dl_secure', 'tablename': 'assgnmnt_bin_prod', 'data-classification': 'non-sensitive', 'zone': 'catalog', 'applicationname': '00a7514b7db633f4bf143b7b5e804fc65befcacba90aa179a05296f970f185', 'gbm_user': 'test_user'}",US,prod,catalog,7 days,yes,
hash,sa_supply_chain_dl_secure,whse_task_conf,sa-mm,incremental load,svc-dl-sa-afaas-ns@wmt-intl-dl-sa-ns-prod.iam.gserviceaccount.com,svc-dl-sa-afaas-ns@wmt-intl-dl-sa-ns-prod.iam.gserviceaccount.com,false,dca logic,,11f13bc273706119662511b88755312259611da56b5efb7bcdc1fef91483dd,prod--sa_supply_chain_dl_secure--whse_task_conf--sa-mm,,True,"{'environment': 'prod', 'op_cmpny_cd': 'sa-mm', 'databasename': 'sa_supply_chain_dl_secure', 'tablename': 'whse_task_conf', 'data-classification': 'non-sensitive', 'zone': 'catalog', 'applicationname': '11f13bc273706119662511b88755312259611da56b5efb7bcdc1fef91483dd', 'gbm_user': 'test_user'}",US,prod,catalog,7 days,yes,
hash,sa_supply_chain_dl_secure,hu_task_item,sa-mm,incremental load,svc-dl-sa-afaas-ns@wmt-intl-dl-sa-ns-prod.iam.gserviceaccount.com,svc-dl-sa-afaas-ns@wmt-intl-dl-sa-ns-prod.iam.gserviceaccount.com,false,dca logic,,dce5e93586d24aa5cdd6fb5cfcfeded57fd8aa7e216b9cfa62a4a032b94bb5,prod--sa_supply_chain_dl_secure--hu_task_item--sa-mm,,True,"{'environment': 'prod', 'op_cmpny_cd': 'sa-mm', 'databasename': 'sa_supply_chain_dl_secure', 'tablename': 'hu_task_item', 'data-classification': 'non-sensitive', 'zone': 'catalog', 'applicationname': 'dce5e93586d24aa5cdd6fb5cfcfeded57fd8aa7e216b9cfa62a4a032b94bb5', 'gbm_user': 'test_user'}",US,prod,catalog,7 days,yes,
hash,sa_supply_chain_dl_secure,whse_task,sa-mm,incremental load,svc-dl-sa-afaas-ns@wmt-intl-dl-sa-ns-prod.iam.gserviceaccount.com,svc-dl-sa-afaas-ns@wmt-intl-dl-sa-ns-prod.iam.gserviceaccount.com,false,dca logic,,e7a0ec32d182ecb6c6e1e8a7ee5f4e5b543f7ee8e79a0bc626fd2ca6d6e084,prod--sa_supply_chain_dl_secure--whse_task--sa-mm,,True,"{'environment': 'prod', 'op_cmpny_cd': 'sa-mm', 'databasename': 'sa_supply_chain_dl_secure', 'tablename': 'whse_task', 'data-classification': 'non-sensitive', 'zone': 'catalog', 'applicationname': 'e7a0ec32d182ecb6c6e1e8a7ee5f4e5b543f7ee8e79a0bc626fd2ca6d6e084', 'gbm_user': 'test_user'}",US,prod,catalog,7 days,yes,
hash,sa_supply_chain_dl_secure,quan_attr,sa-mm,incremental load,svc-dl-sa-afaas-ns@wmt-intl-dl-sa-ns-prod.iam.gserviceaccount.com,svc-dl-sa-afaas-ns@wmt-intl-dl-sa-ns-prod.iam.gserviceaccount.com,false,dca logic,,b2a66cc051131b7ffdc1e9fa3b522e069bb7043bf91c077e19907ad8236c60,prod--sa_supply_chain_dl_secure--quan_attr--sa-mm,,True,"{'environment': 'prod', 'op_cmpny_cd': 'sa-mm', 'databasename': 'sa_supply_chain_dl_secure', 'tablename': 'quan_attr', 'data-classification': 'non-sensitive', 'zone': 'catalog', 'applicationname': 'b2a66cc051131b7ffdc1e9fa3b522e069bb7043bf91c077e19907ad8236c60', 'gbm_user': 'test_user'}",US,prod,catalog,7 days,yes,
hash,sa_supply_chain_dl_secure,door_stag_yd,sa-mm,incremental load,svc-dl-sa-afaas-ns@wmt-intl-dl-sa-ns-prod.iam.gserviceaccount.com,svc-dl-sa-afaas-ns@wmt-intl-dl-sa-ns-prod.iam.gserviceaccount.com,false,dca logic,,dc62dcd9a0e338495f2ec147e7a1f9be7b8609a3d786a0403e989da9aac511,prod--sa_supply_chain_dl_secure--door_stag_yd--sa-mm,,True,"{'environment': 'prod', 'op_cmpny_cd': 'sa-mm', 'databasename': 'sa_supply_chain_dl_secure', 'tablename': 'door_stag_yd', 'data-classification': 'non-sensitive', 'zone': 'catalog', 'applicationname': 'dc62dcd9a0e338495f2ec147e7a1f9be7b8609a3d786a0403e989da9aac511', 'gbm_user': 'test_user'}",US,prod,catalog,7 days,yes,
hash,sa_supply_chain_dl_secure,assgnmnt_hus_unit,sa-mm,incremental load,svc-dl-sa-afaas-ns@wmt-intl-dl-sa-ns-prod.iam.gserviceaccount.com,svc-dl-sa-afaas-ns@wmt-intl-dl-sa-ns-prod.iam.gserviceaccount.com,false,dca logic,,70c0d55d7e4f3edcd53935776bea1807b8f1096a66300b12071672620fea31,prod--sa_supply_chain_dl_secure--assgnmnt_hus_unit--sa-mm,,True,"{'environment': 'prod', 'op_cmpny_cd': 'sa-mm', 'databasename': 'sa_supply_chain_dl_secure', 'tablename': 'assgnmnt_hus_unit', 'data-classification': 'non-sensitive', 'zone': 'catalog', 'applicationname': '70c0d55d7e4f3edcd53935776bea1807b8f1096a66300b12071672620fea31', 'gbm_user': 'test_user'}",US,prod,catalog,7 days,yes,
hash,sa_supply_chain_dl_secure,trnsp_unit_door,sa-mm,incremental load,svc-dl-sa-afaas-ns@wmt-intl-dl-sa-ns-prod.iam.gserviceaccount.com,svc-dl-sa-afaas-ns@wmt-intl-dl-sa-ns-prod.iam.gserviceaccount.com,false,dca logic,,dbd86a086deca268d58425c1a8292dd96646d899d6b03de913bf5769a0cdb2,prod--sa_supply_chain_dl_secure--trnsp_unit_door--sa-mm,,True,"{'environment': 'prod', 'op_cmpny_cd': 'sa-mm', 'databasename': 'sa_supply_chain_dl_secure', 'tablename': 'trnsp_unit_door', 'data-classification': 'non-sensitive', 'zone': 'catalog', 'applicationname': 'dbd86a086deca268d58425c1a8292dd96646d899d6b03de913bf5769a0cdb2', 'gbm_user': 'test_user'}",US,prod,catalog,7 days,yes,
hash,sa_supply_chain_dl_secure,status_unit_actv,sa-mm,incremental load,svc-dl-sa-afaas-ns@wmt-intl-dl-sa-ns-prod.iam.gserviceaccount.com,svc-dl-sa-afaas-ns@wmt-intl-dl-sa-ns-prod.iam.gserviceaccount.com,false,dca logic,,d1b085b15816a169fb8ca87c39cb63282f3387ecf7e9d8021c254149aac7a4,prod--sa_supply_chain_dl_secure--status_unit_actv--sa-mm,,True,"{'environment': 'prod', 'op_cmpny_cd': 'sa-mm', 'databasename': 'sa_supply_chain_dl_secure', 'tablename': 'status_unit_actv', 'data-classification': 'non-sensitive', 'zone': 'catalog', 'applicationname': 'd1b085b15816a169fb8ca87c39cb63282f3387ecf7e9d8021c254149aac7a4', 'gbm_user': 'test_user'}",US,prod,catalog,7 days,yes,
hash,sa_supply_chain_dl_secure,hdr_info,sa-mm,incremental load,svc-dl-sa-afaas-ns@wmt-intl-dl-sa-ns-prod.iam.gserviceaccount.com,svc-dl-sa-afaas-ns@wmt-intl-dl-sa-ns-prod.iam.gserviceaccount.com,false,dca logic,,cb672ec36424fc242dda2bc4efd492fbff77c91c3c14633ac274f6b5f005c7,prod--sa_supply_chain_dl_secure--hdr_info--sa-mm,,True,"{'environment': 'prod', 'op_cmpny_cd': 'sa-mm', 'databasename': 'sa_supply_chain_dl_secure', 'tablename': 'hdr_info', 'data-classification': 'non-sensitive', 'zone': 'catalog', 'applicationname': 'cb672ec36424fc242dda2bc4efd492fbff77c91c3c14633ac274f6b5f005c7', 'gbm_user': 'test_user'}",US,prod,catalog,7 days,yes,
hash,sa_supply_chain_dl_secure,wave_item,sa-mm,incremental load,svc-dl-sa-afaas-ns@wmt-intl-dl-sa-ns-prod.iam.gserviceaccount.com,svc-dl-sa-afaas-ns@wmt-intl-dl-sa-ns-prod.iam.gserviceaccount.com,false,dca logic,,7e8921e2d671869fcf215ecc00eb36ea6693b075aebdeb274bf91b0bfdfff6,prod--sa_supply_chain_dl_secure--wave_item--sa-mm,,True,"{'environment': 'prod', 'op_cmpny_cd': 'sa-mm', 'databasename': 'sa_supply_chain_dl_secure', 'tablename': 'wave_item', 'data-classification': 'non-sensitive', 'zone': 'catalog', 'applicationname': '7e8921e2d671869fcf215ecc00eb36ea6693b075aebdeb274bf91b0bfdfff6', 'gbm_user': 'test_user'}",US,prod,catalog,7 days,yes,
